userId,id,title,body,title_length,summary
1,1,Sunt Aut Facere Repellat Provident Occaecati Excepturi Optio Reprehenderit,"quia et suscipit
suscipit recusandae consequuntur expedita et cum
reprehenderit molestiae ut ut quas totam
nostrum rerum est autem sunt rem eveniet architecto",74,"quia et suscipit
suscipit recusandae consequuntur ..."
1,2,Qui Est Esse,"est rerum tempore vitae
sequi sint nihil reprehenderit dolor beatae ea dolores neque
fugiat blanditiis voluptate porro vel nihil molestiae ut reiciendis
qui aperiam non debitis possimus qui neque nisi nulla",12,"est rerum tempore vitae
sequi sint nihil reprehend..."
1,3,Ea Molestias Quasi Exercitationem Repellat Qui Ipsa Sit Aut,"et iusto sed quo iure
voluptatem occaecati omnis eligendi aut ad
voluptatem doloribus vel accusantium quis pariatur
molestiae porro eius odio et labore et velit aut",59,"et iusto sed quo iure
voluptatem occaecati omnis e..."
1,4,Eum Et Est Occaecati,"ullam et saepe reiciendis voluptatem adipisci
sit amet autem assumenda provident rerum culpa
quis hic commodi nesciunt rem tenetur doloremque ipsam iure
quis sunt voluptatem rerum illo velit",20,"ullam et saepe reiciendis voluptatem adipisci
sit ..."
1,5,Nesciunt Quas Odio,"repudiandae veniam quaerat sunt sed
alias aut fugiat sit autem sed est
voluptatem omnis possimus esse voluptatibus quis
est aut tenetur dolor neque",18,"repudiandae veniam quaerat sunt sed
alias aut fugi..."
1,6,Dolorem Eum Magni Eos Aperiam Quia,"ut aspernatur corporis harum nihil quis provident sequi
mollitia nobis aliquid molestiae
perspiciatis et ea nemo ab reprehenderit accusantium quas
voluptate dolores velit et doloremque molestiae",34,ut aspernatur corporis harum nihil quis provident ...
1,7,Magnam Facilis Autem,"dolore placeat quibusdam ea quo vitae
magni quis enim qui quis quo nemo aut saepe
quidem repellat excepturi ut quia
sunt ut sequi eos ea sed quas",20,"dolore placeat quibusdam ea quo vitae
magni quis e..."
1,8,Dolorem Dolore Est Ipsam,"dignissimos aperiam dolorem qui eum
facilis quibusdam animi sint suscipit qui sint possimus cum
quaerat magni maiores excepturi
ipsam ut commodi dolor voluptatum modi aut vitae",24,"dignissimos aperiam dolorem qui eum
facilis quibus..."
1,9,Nesciunt Iure Omnis Dolorem Tempora Et Accusantium,"consectetur animi nesciunt iure dolore
enim quia ad
veniam autem ut quam aut nobis
et est aut quod aut provident voluptas autem voluptas",50,"consectetur animi nesciunt iure dolore
enim quia a..."
1,10,Optio Molestias Id Quia Eum,"quo et expedita modi cum officia vel magni
doloribus qui repudiandae
vero nisi sit
quos veniam quod sed accusamus veritatis error",27,"quo et expedita modi cum officia vel magni
dolorib..."
2,11,Et Ea Vero Quia Laudantium Autem,"delectus reiciendis molestiae occaecati non minima eveniet qui voluptatibus
accusamus in eum beatae sit
vel qui neque voluptates ut commodi qui incidunt
ut animi commodi",32,delectus reiciendis molestiae occaecati non minima...
2,12,In Quibusdam Tempore Odit Est Dolorem,"itaque id aut magnam
praesentium quia et ea odit et ea voluptas et
sapiente quia nihil amet occaecati quia id voluptatem
incidunt ea est distinctio odio",37,"itaque id aut magnam
praesentium quia et ea odit e..."
2,13,Dolorum Ut In Voluptas Mollitia Et Saepe Quo Animi,"aut dicta possimus sint mollitia voluptas commodi quo doloremque
iste corrupti reiciendis voluptatem eius rerum
sit cumque quod eligendi laborum minima
perferendis recusandae assumenda consectetur porro architecto ipsum ipsam",50,aut dicta possimus sint mollitia voluptas commodi ...
2,14,Voluptatem Eligendi Optio,"fuga et accusamus dolorum perferendis illo voluptas
non doloremque neque facere
ad qui dolorum molestiae beatae
sed aut voluptas totam sit illum",25,fuga et accusamus dolorum perferendis illo volupta...
2,15,Eveniet Quod Temporibus,"reprehenderit quos placeat
velit minima officia dolores impedit repudiandae molestiae nam
voluptas recusandae quis delectus
officiis harum fugiat vitae",23,"reprehenderit quos placeat
velit minima officia do..."
2,16,Sint Suscipit Perspiciatis Velit Dolorum Rerum Ipsa Laboriosam Odio,"suscipit nam nisi quo aperiam aut
asperiores eos fugit maiores voluptatibus quia
voluptatem quis ullam qui in alias quia est
consequatur magni mollitia accusamus ea nisi voluptate dicta",67,"suscipit nam nisi quo aperiam aut
asperiores eos f..."
2,17,Fugit Voluptas Sed Molestias Voluptatem Provident,"eos voluptas et aut odit natus earum
aspernatur fuga molestiae ullam
deserunt ratione qui eos
qui nihil ratione nemo velit ut aut id quo",49,"eos voluptas et aut odit natus earum
aspernatur fu..."
2,18,Voluptate Et Itaque Vero Tempora Molestiae,"eveniet quo quis
laborum totam consequatur non dolor
ut et est repudiandae
est voluptatem vel debitis et magnam",42,"eveniet quo quis
laborum totam consequatur non dol..."
2,19,Adipisci Placeat Illum Aut Reiciendis Qui,"illum quis cupiditate provident sit magnam
ea sed aut omnis
veniam maiores ullam consequatur atque
adipisci quo iste expedita sit quos voluptas",41,"illum quis cupiditate provident sit magnam
ea sed ..."
2,20,Doloribus Ad Provident Suscipit At,"qui consequuntur ducimus possimus quisquam amet similique
suscipit porro ipsam amet
eos veritatis officiis exercitationem vel fugit aut necessitatibus totam
omnis rerum consequatur expedita quidem cumque explicabo",34,qui consequuntur ducimus possimus quisquam amet si...
3,21,Asperiores Ea Ipsam Voluptatibus Modi Minima Quia Sint,"repellat aliquid praesentium dolorem quo
sed totam minus non itaque
nihil labore molestiae sunt dolor eveniet hic recusandae veniam
tempora et tenetur expedita sunt",54,"repellat aliquid praesentium dolorem quo
sed totam..."
3,22,Dolor Sint Quo A Velit Explicabo Quia Nam,"eos qui et ipsum ipsam suscipit aut
sed omnis non odio
expedita earum mollitia molestiae aut atque rem suscipit
nam impedit esse",41,"eos qui et ipsum ipsam suscipit aut
sed omnis non ..."
3,23,Maxime Id Vitae Nihil Numquam,"veritatis unde neque eligendi
quae quod architecto quo neque vitae
est illo sit tempora doloremque fugit quod
et et vel beatae sequi ullam sed tenetur perspiciatis",29,"veritatis unde neque eligendi
quae quod architecto..."
3,24,Autem Hic Labore Sunt Dolores Incidunt,"enim et ex nulla
omnis voluptas quia qui
voluptatem consequatur numquam aliquam sunt
totam recusandae id dignissimos aut sed asperiores deserunt",38,"enim et ex nulla
omnis voluptas quia qui
voluptate..."
3,25,Rem Alias Distinctio Quo Quis,"ullam consequatur ut
omnis quis sit vel consequuntur
ipsa eligendi ipsum molestiae et omnis error nostrum
molestiae illo tempore quia et distinctio",29,"ullam consequatur ut
omnis quis sit vel consequunt..."
3,26,Est Et Quae Odit Qui Non,"similique esse doloribus nihil accusamus
omnis dolorem fuga consequuntur reprehenderit fugit recusandae temporibus
perspiciatis cum ut laudantium
omnis aut molestiae vel vero",24,"similique esse doloribus nihil accusamus
omnis dol..."
3,27,Quasi Id Et Eos Tenetur Aut Quo Autem,"eum sed dolores ipsam sint possimus debitis occaecati
debitis qui qui et
ut placeat enim earum aut odit facilis
consequatur suscipit necessitatibus rerum sed inventore temporibus consequatur",37,eum sed dolores ipsam sint possimus debitis occaec...
3,28,Delectus Ullam Et Corporis Nulla Voluptas Sequi,"non et quaerat ex quae ad maiores
maiores recusandae totam aut blanditiis mollitia quas illo
ut voluptatibus voluptatem
similique nostrum eum",47,"non et quaerat ex quae ad maiores
maiores recusand..."
3,29,Iusto Eius Quod Necessitatibus Culpa Ea,"odit magnam ut saepe sed non qui
tempora atque nihil
accusamus illum doloribus illo dolor
eligendi repudiandae odit magni similique sed cum maiores",39,"odit magnam ut saepe sed non qui
tempora atque nih..."
3,30,A Quo Magni Similique Perferendis,"alias dolor cumque
impedit blanditiis non eveniet odio maxime
blanditiis amet eius quis tempora quia autem rem
a provident perspiciatis quia",33,"alias dolor cumque
impedit blanditiis non eveniet ..."
4,31,Ullam Ut Quidem Id Aut Vel Consequuntur,"debitis eius sed quibusdam non quis consectetur vitae
impedit ut qui consequatur sed aut in
quidem sit nostrum et maiores adipisci atque
quaerat voluptatem adipisci repudiandae",39,debitis eius sed quibusdam non quis consectetur vi...
4,32,Doloremque Illum Aliquid Sunt,"deserunt eos nobis asperiores et hic
est debitis repellat molestiae optio
nihil ratione ut eos beatae quibusdam distinctio maiores
earum voluptates et aut adipisci ea maiores voluptas maxime",29,"deserunt eos nobis asperiores et hic
est debitis r..."
4,33,Qui Explicabo Molestiae Dolorem,"rerum ut et numquam laborum odit est sit
id qui sint in
quasi tenetur tempore aperiam et quaerat qui in
rerum officiis sequi cumque quod",31,"rerum ut et numquam laborum odit est sit
id qui si..."
4,34,Magnam Ut Rerum Iure,"ea velit perferendis earum ut voluptatem voluptate itaque iusto
totam pariatur in
nemo voluptatem voluptatem autem magni tempora minima in
est distinctio qui assumenda accusamus dignissimos officia nesciunt nobis",20,ea velit perferendis earum ut voluptatem voluptate...
4,35,Id Nihil Consequatur Molestias Animi Provident,"nisi error delectus possimus ut eligendi vitae
placeat eos harum cupiditate facilis reprehenderit voluptatem beatae
modi ducimus quo illum voluptas eligendi
et nobis quia fugit",46,"nisi error delectus possimus ut eligendi vitae
pla..."
4,36,Fuga Nam Accusamus Voluptas Reiciendis Itaque,"ad mollitia et omnis minus architecto odit
voluptas doloremque maxime aut non ipsa qui alias veniam
blanditiis culpa aut quia nihil cumque facere et occaecati
qui aspernatur quia eaque ut aperiam inventore",45,"ad mollitia et omnis minus architecto odit
volupta..."
4,37,Provident Vel Ut Sit Ratione Est,"debitis et eaque non officia sed nesciunt pariatur vel
voluptatem iste vero et ea
numquam aut expedita ipsum nulla in
voluptates omnis consequatur aut enim officiis in quam qui",32,debitis et eaque non officia sed nesciunt pariatur...
4,38,Explicabo Et Eos Deleniti Nostrum Ab Id Repellendus,"animi esse sit aut sit nesciunt assumenda eum voluptas
quia voluptatibus provident quia necessitatibus ea
rerum repudiandae quia voluptatem delectus fugit aut id quia
ratione optio eos iusto veniam iure",51,animi esse sit aut sit nesciunt assumenda eum volu...
4,39,Eos Dolorem Iste Accusantium Est Eaque Quam,"corporis rerum ducimus vel eum accusantium
maxime aspernatur a porro possimus iste omnis
est in deleniti asperiores fuga aut
voluptas sapiente vel dolore minus voluptatem incidunt ex",43,"corporis rerum ducimus vel eum accusantium
maxime ..."
4,40,Enim Quo Cumque,"ut voluptatum aliquid illo tenetur nemo sequi quo facilis
ipsum rem optio mollitia quas
voluptatem eum voluptas qui
unde omnis voluptatem iure quasi maxime voluptas nam",15,ut voluptatum aliquid illo tenetur nemo sequi quo ...
5,41,Non Est Facere,"molestias id nostrum
excepturi molestiae dolore omnis repellendus quaerat saepe
consectetur iste quaerat tenetur asperiores accusamus ex ut
nam quidem est ducimus sunt debitis saepe",14,"molestias id nostrum
excepturi molestiae dolore om..."
5,42,Commodi Ullam Sint Et Excepturi Error Explicabo Praesentium Voluptas,"odio fugit voluptatum ducimus earum autem est incidunt voluptatem
odit reiciendis aliquam sunt sequi nulla dolorem
non facere repellendus voluptates quia
ratione harum vitae ut",68,odio fugit voluptatum ducimus earum autem est inci...
5,43,Eligendi Iste Nostrum Consequuntur Adipisci Praesentium Sit Beatae Perferendis,"similique fugit est
illum et dolorum harum et voluptate eaque quidem
exercitationem quos nam commodi possimus cum odio nihil nulla
dolorum exercitationem magnam ex et a et distinctio debitis",78,"similique fugit est
illum et dolorum harum et volu..."
5,44,Optio Dolor Molestias Sit,"temporibus est consectetur dolore
et libero debitis vel velit laboriosam quia
ipsum quibusdam qui itaque fuga rem aut
ea et iure quam sed maxime ut distinctio quae",25,"temporibus est consectetur dolore
et libero debiti..."
5,45,Ut Numquam Possimus Omnis Eius Suscipit Laudantium Iure,"est natus reiciendis nihil possimus aut provident
ex et dolor
repellat pariatur est
nobis rerum repellendus dolorem autem",55,"est natus reiciendis nihil possimus aut provident
..."
5,46,Aut Quo Modi Neque Nostrum Ducimus,"voluptatem quisquam iste
voluptatibus natus officiis facilis dolorem
quis quas ipsam
vel et voluptatum in aliquid",34,"voluptatem quisquam iste
voluptatibus natus offici..."
5,47,Quibusdam Cumque Rem Aut Deserunt,"voluptatem assumenda ut qui ut cupiditate aut impedit veniam
occaecati nemo illum voluptatem laudantium
molestiae beatae rerum ea iure soluta nostrum
eligendi et voluptate",33,voluptatem assumenda ut qui ut cupiditate aut impe...
5,48,Ut Voluptatem Illum Ea Doloribus Itaque Eos,"voluptates quo voluptatem facilis iure occaecati
vel assumenda rerum officia et
illum perspiciatis ab deleniti
laudantium repellat ad ut et autem reprehenderit",43,"voluptates quo voluptatem facilis iure occaecati
v..."
5,49,Laborum Non Sunt Aut Ut Assumenda Perspiciatis Voluptas,"inventore ab sint
natus fugit id nulla sequi architecto nihil quaerat
eos tenetur in in eum veritatis non
quibusdam officiis aspernatur cumque aut commodi aut",55,"inventore ab sint
natus fugit id nulla sequi archi..."
5,50,Repellendus Qui Recusandae Incidunt Voluptates Tenetur Qui Omnis Exercitationem,"error suscipit maxime adipisci consequuntur recusandae
voluptas eligendi et est et voluptates
quia distinctio ab amet quaerat molestiae et vitae
adipisci impedit sequi nesciunt quis consectetur",79,error suscipit maxime adipisci consequuntur recusa...
